-- phpMyAdmin SQL Dump
-- version 4.9.7
-- https://www.phpmyadmin.net/
--
-- Host: localhost
-- Generation Time: Mar 31, 2025 at 04:27 PM
-- Server version: 5.7.21-20-beget-5.7.21-20-1-log
-- PHP Version: 5.6.40

SET SQL_MODE = "NO_AUTO_VALUE_ON_ZERO";
SET AUTOCOMMIT = 0;
START TRANSACTION;
SET time_zone = "+00:00";


/*!40101 SET @OLD_CHARACTER_SET_CLIENT=@@CHARACTER_SET_CLIENT */;
/*!40101 SET @OLD_CHARACTER_SET_RESULTS=@@CHARACTER_SET_RESULTS */;
/*!40101 SET @OLD_COLLATION_CONNECTION=@@COLLATION_CONNECTION */;
/*!40101 SET NAMES utf8mb4 */;

--
-- Database: `atakisp8_bruno`
--

-- --------------------------------------------------------

--
-- Table structure for table `abouts`
--
-- Creation: Feb 18, 2025 at 08:07 PM
--

DROP TABLE IF EXISTS `abouts`;
CREATE TABLE `abouts` (
  `id` bigint(20) UNSIGNED NOT NULL,
  `description` longtext COLLATE utf8mb4_unicode_ci NOT NULL,
  `privacy` longtext COLLATE utf8mb4_unicode_ci,
  `thumbnail` varchar(255) COLLATE utf8mb4_unicode_ci DEFAULT NULL,
  `video_type` varchar(255) COLLATE utf8mb4_unicode_ci DEFAULT 'video',
  `video` varchar(255) COLLATE utf8mb4_unicode_ci DEFAULT NULL,
  `url` varchar(255) COLLATE utf8mb4_unicode_ci DEFAULT NULL,
  `created_at` timestamp NULL DEFAULT NULL,
  `updated_at` timestamp NULL DEFAULT NULL
) ENGINE=InnoDB DEFAULT CHARSET=utf8mb4 COLLATE=utf8mb4_unicode_ci;

--
-- Dumping data for table `abouts`
--

INSERT INTO `abouts` (`id`, `description`, `privacy`, `thumbnail`, `video_type`, `video`, `url`, `created_at`, `updated_at`) VALUES
(1, '<p>Bruno Bisang was born in 1952 and spent much of his youth in Ascona, a picturesque little town in the Italian speaking part of Switzerland. When he was 19 he attended the School of Applied Arts for Photography in Zurich, wich was followed by a photographic apprenticeship. Since 1979 Bruno Bisang has worked as a freelance photographer, first in Zurich, and then for a time in Milan and Munich. Now he works between Milan, New York, Zurich and Paris for a renowned clientele.<br><br>The milestones of his career are marked by customers such as:&nbsp;<br><br>Magazines:<br><br>Air France Madame<br>Amica<br>Bolero<br>C+G<br>Capital<br>Cosmopolitan<br>Femme<br>GQ<br>Max<br>Men\'s Health<br>Madame<br>Madame Figaro<br>L\'Officiel<br>Photo<br>Soon<br>Sport Magazine<br>Victim<br>Vital<br>Vogue German<br>Vogue Gioiello<br>Vogue Hommes</p><p>&nbsp;</p><p>Advertising Clients:<br><br>Avon<br>Azzaro<br>Bacirubati<br>Breil<br>Cacharel<br>Cartiere del Garda<br>Chanel<br>Chaumet<br>Chiardiluna<br>Chopard<br>Don Gil<br>Douglas - Condé Nast<br>Ebel<br>Ferrarelle<br>Ford<br>Givenchy<br>Guerlain<br>Hansgrohe<br>Humanic<br>Heinecken<br>Louis Widmer<br>Mac Douglas<br>Mauboussin<br>Palmers<br>Rochas<br>Sergio Rossi<br>Sloggy<br>Swish<br>Toni Gard<br>Triumph<br>Wolford<br>Yamaha</p>', '<h3>PRIVACY POLICY</h3><p>Bruno Bisang Photography (\"us\", \"we\", or \"our\") operates the www.brunobisang.com website (hereinafter referred to as the \"Service\").</p><p>This page informs you of our policies regarding the collection, use and disclosure of personal data when you use our Service and the choices you have associated with that data.</p><p>We use your data to provide and improve the Service. By using the Service, you agree to the collection and use of information in accordance with this policy. Unless otherwise defined in this Privacy Policy, the terms used in this Privacy Policy have the same meanings as in our Terms and Conditions, accessible from www.brunobisang.com</p><h3>Definitions</h3><p><strong>Service</strong></p><p>Service is www.brunobisang.com website operated by Bruno Bisang Photography</p><p><strong>Personal Data</strong></p><p>Personal Data means data about a living individual who can be identified from those data (or from those and other information either in our possession or likely to come into our possession).</p><p><strong>Usage Data</strong></p><p>Usage Data is data collected automatically either generated by the use of the Service or from the Service infrastructure itself (for example, the duration of a page visit).</p><p><strong>Cookies</strong></p><p>Cookies are small files stored on your device (computer or mobile device).</p><p><strong>Data Controller</strong></p><p>Data Controller means the natural or legal person who (either alone or jointly or in common with other persons) determines the purposes for which and the manner in which any personal information are, or are to be, processed.</p><p>For the purpose of this Privacy Policy, we are a Data Controller of your Personal Data.</p><p><strong>Data Processors (or Service Providers)</strong></p><p>Data Processor (or Service Provider) means any natural or legal person who processes the data on behalf of the Data Controller.</p><p>We may use the services of various Service Providers in order to process your data more effectively.</p><p><strong>Data Subject (or User)</strong></p><p>Data Subject is any living individual who is using our Service and is the subject of Personal Data.</p><h3>Information Collection and Use</h3><p>We collect several different types of information for various purposes to provide and improve our Service to you.</p><p><strong>Types of Data Collected</strong></p><p><strong><em>Personal Data</em></strong></p><p>While using our Service, we may ask you to provide us with certain personally identifiable information that can be used to contact or identify you (\"Personal Data\"). Personally identifiable information may include, but is not limited to:</p><p>· Email address</p><p>· First name and last name</p><p>· Phone number</p><p>· Address, State, Province, ZIP/Postal code, City</p><p>· Cookies and Usage Data</p><p>We may use your Personal Data to contact you with newsletters, marketing or promotional materials and other information that may be of interest to you. You may opt out of receiving any, or all, of these communications from us by following the unsubscribe link or the instructions provided in any email we send.</p><p><strong><em>Usage Data</em></strong></p><p>We may also collect information on how the Service is accessed and used (\"Usage Data\"). This Usage Data may include information such as your computer\'s Internet Protocol address (e.g. IP address), browser type, browser version, the pages of our Service that you visit, the time and date of your visit, the time spent on those pages, unique device identifiers and other diagnostic data.</p><p><strong><em>Tracking Cookies Data</em></strong></p><p>We use cookies and similar tracking technologies to track the activity on our Service and we hold certain information.</p><p>Cookies are files with a small amount of data which may include an anonymous unique identifier. Cookies are sent to your browser from a website and stored on your device. Other tracking technologies are also used such as beacons, tags and scripts to collect and track information and to improve and analyse our Service.</p><p>You can instruct your browser to refuse all cookies or to indicate when a cookie is being sent. However, if you do not accept cookies, you may not be able to use some portions of our Service.</p><p>Examples of Cookies we use:</p><p>· <strong>Session Cookies</strong>. We use Session Cookies to operate our Service.</p><p>· <strong>Preference Cookies</strong>. We use Preference Cookies to remember your preferences and various settings.</p><p>· <strong>Security Cookies</strong>. We use Security Cookies for security purposes.</p><p><strong>Use of Data</strong></p><p>Bruno Bisang Photography uses the collected data for various purposes:</p><p>· To provide and maintain our Service</p><p>· To notify you about changes to our Service</p><p>· To allow you to participate in interactive features of our Service when you choose to do so</p><p>· To provide customer support</p><p>· To gather analysis or valuable information so that we can improve our Service</p><p>· To monitor the usage of our Service</p><p>· To detect, prevent and address technical issues</p><p>· To provide you with news, special offers and general information about other goods, services and events which we offer that are similar to those that you have already purchased or enquired about unless you have opted not to receive such information</p><p><strong>Legal Basis for Processing Personal Data under the General Data Protection Regulation (GDPR)</strong></p><p>If you are from the European Economic Area (EEA), Bruno Bisang Photography legal basis for collecting and using the personal information described in this Privacy Policy depends on the Personal Data we collect and the specific context in which we collect it.</p><p>Bruno Bisang Photography may process your Personal Data because:</p><p>· We need to perform a contract with you</p><p>· You have given us permission to do so</p><p>· The processing is in our legitimate interests and it is not overridden by your rights</p><p>· To comply with the law</p><p><strong>Retention of Data</strong></p><p>Bruno Bisang Photography will retain your Personal Data only for as long as is necessary for the purposes set out in this Privacy Policy. We will retain and use your Personal Data to the extent necessary to comply with our legal obligations (for example, if we are required to retain your data to comply with applicable laws), resolve disputes and enforce our legal agreements and policies.</p><p>Bruno Bisang Photography will also retain Usage Data for internal analysis purposes. Usage Data is generally retained for a shorter period of time, except when this data is used to strengthen the security or to improve the functionality of our Service, or we are legally obligated to retain this data for longer periods.</p><p><strong>Transfer of Data</strong></p><p>Your information, including Personal Data, may be transferred to — and maintained on — computers located outside of your state, province, country or other governmental jurisdiction where the data protection laws may differ from those of your jurisdiction.</p><p>If you are located outside Switzerland and choose to provide information to us, please note that we transfer the data, including Personal Data, to Switzerland and process it there.</p><p>Your consent to this Privacy Policy followed by your submission of such information represents your agreement to that transfer.</p><p>Bruno Bisang Photography will take all the steps reasonably necessary to ensure that your data is treated securely and in accordance with this Privacy Policy and no transfer of your Personal Data will take place to an organisation or a country unless there are adequate controls in place including the security of your data and other personal information.</p><p><strong>Disclosure of Data</strong></p><p>Legal Requirements</p><p>Bruno Bisang Photography may disclose your Personal Data in the good faith belief that such action is necessary to:</p><p>· To comply with a legal obligation</p><p>· To protect and defend the rights or property of Bruno Bisang Photography</p><p>· To prevent or investigate possible wrongdoing in connection with the Service</p><p>· To protect the personal safety of users of the Service or the public</p><p>· To protect against legal liability</p><p><strong>Security of Data</strong></p><p>The security of your data is important to us but remember that no method of transmission over the Internet or method of electronic storage is 100% secure. While we strive to use commercially acceptable means to protect your Personal Data, we cannot guarantee its absolute security.</p><p><strong>Your Data Protection Rights under the General Data Protection Regulation (GDPR)</strong></p><p>If you are a resident of the European Economic Area (EEA), you have certain data protection rights. Bruno Bisang Photography aims to take reasonable steps to allow you to correct, amend, delete or limit the use of your Personal Data.</p><p>If you wish to be informed about what Personal Data we hold about you and if you want it to be removed from our systems, please contact us.</p><p>In certain circumstances, you have the following data protection rights:</p><p><strong>The right to access, update or delete the information we have on you</strong>. Whenever made possible, you can access, update or request deletion of your Personal Data directly within your account settings section. If you are unable to perform these actions yourself, please contact us to assist you.</p><p><strong>The right of rectification</strong>. You have the right to have your information rectified if that information is inaccurate or incomplete.</p><p><strong>The right to object</strong>. You have the right to object to our processing of your Personal Data.</p><p><strong>The right of restriction</strong>. You have the right to request that we restrict the processing of your personal information.</p><p><strong>The right to data portability</strong>. You have the right to be provided with a copy of the information we have on you in a structured, machine-readable and commonly used format.</p><p><strong>The right to withdraw consent</strong>. You also have the right to withdraw your consent at any time where Bruno Bisang Photography relied on your consent to process your personal information.</p><p>Please note that we may ask you to verify your identity before responding to such requests.</p><p>You have the right to complain to a Data Protection Authority about our collection and use of your Personal Data. For more information, please contact your local data protection authority in the European Economic Area (EEA).</p><p><strong>Service Providers</strong></p><p>We may employ third party companies and individuals to facilitate our Service (\"Service Providers\"), provide the Service on our behalf, perform Service-related services or assist us in analysing how our Service is used.</p><p>These third parties have access to your Personal Data only to perform these tasks on our behalf and are obligated not to disclose or use it for any other purpose.</p><p><strong>Links to Other Sites</strong></p><p>Our Service may contain links to other sites that are not operated by us. If you click a third party link, you will be directed to that third party\'s site. We strongly advise you to review the Privacy Policy of every site you visit.</p><p>We have no control over and assume no responsibility for the content, privacy policies or practices of any third party sites or services.</p><p><strong>Children\'s Privacy</strong></p><p>Our Service does not address anyone under the age of 18 (\"Children\").</p><p>We do not knowingly collect personally identifiable information from anyone under the age of 18. If you are a parent or guardian and you are aware that your Child has provided us with Personal Data, please contact us. If we become aware that we have collected Personal Data from children without verification of parental consent, we take steps to remove that information from our servers.</p><p><strong>Changes to This Privacy Policy</strong></p><p>We may update our Privacy Policy from time to time. We will notify you of any changes by posting the new Privacy Policy on this page.</p><p>We will let you know via email and/or a prominent notice on our Service, prior to the change becoming effective and update the \"effective date\" at the top of this Privacy Policy.</p><p>You are advised to review this Privacy Policy periodically for any changes. Changes to this Privacy Policy are effective when they are posted on this page.</p><p><strong>Contact Us</strong></p><p>If you have any questions about this Privacy Policy, please contact us:</p><p>· By email: <a href=\"mailto:info@brunobisang.com\">info@brunobisang.com</a></p><p><br></p>', 'uploads/images/about/01JMFS9Y1ZD76DMJ1NRR5F85JE.jpg', 'url', NULL, 'https://www.youtube.com/embed/LDJ14hAugrw', '2025-02-19 16:00:11', '2025-02-19 16:00:11');

-- --------------------------------------------------------

--
-- Table structure for table `art`
--
-- Creation: Feb 18, 2025 at 08:07 PM
--

DROP TABLE IF EXISTS `art`;
CREATE TABLE `art` (
  `id` bigint(20) UNSIGNED NOT NULL,
  `title` varchar(255) COLLATE utf8mb4_unicode_ci NOT NULL,
  `slug` varchar(255) COLLATE utf8mb4_unicode_ci NOT NULL,
  `category_id` bigint(20) UNSIGNED NOT NULL,
  `price` int(11) DEFAULT NULL,
  `store` tinyint(1) NOT NULL DEFAULT '1',
  `work` tinyint(1) NOT NULL DEFAULT '1',
  `thumbnail` varchar(255) COLLATE utf8mb4_unicode_ci NOT NULL,
  `description` longtext COLLATE utf8mb4_unicode_ci,
  `portfolio` longtext COLLATE utf8mb4_unicode_ci,
  `order` int(10) UNSIGNED DEFAULT NULL,
  `status` tinyint(1) NOT NULL DEFAULT '1',
  `created_at` timestamp NULL DEFAULT NULL,
  `updated_at` timestamp NULL DEFAULT NULL
) ENGINE=InnoDB DEFAULT CHARSET=utf8mb4 COLLATE=utf8mb4_unicode_ci;

--
-- Dumping data for table `art`
--

INSERT INTO `art` (`id`, `title`, `slug`, `category_id`, `price`, `store`, `work`, `thumbnail`, `description`, `portfolio`, `order`, `status`, `created_at`, `updated_at`) VALUES
(1, 'LoremIpsum', 'loremipsum', 1, 45, 1, 1, 'uploads/images/arts/01JMFSV9S5TQ62VTAM3YNK07RZ.jpg', '<p>Lorem ipsum dolor, sit amet consectetur adipisicing elit. Ducimus dignissimos, doloremque inventore illum saepe minima ipsam repellendus veritatis nostrum libero, quis eum ipsa natus laboriosam eligendi, quam rerum. Debitis, quas.</p>', '1', NULL, 1, '2025-02-19 16:09:40', '2025-02-19 16:09:40'),
(2, 'Lorem Ipsu', 'lorem-ipsu', 1, 455, 1, 1, 'uploads/images/arts/01JMFSW5Q9PKD6GGB2NG9NZZMW.jpg', '<p>Lorem ipsum dolor, sit amet consectetur adipisicing elit. Ducimus dignissimos, doloremque inventore illum saepe minima ipsam repellendus veritatis nostrum libero, quis eum ipsa natus laboriosam eligendi, quam rerum. Debitis, quas.</p>', '1', NULL, 1, '2025-02-19 16:10:09', '2025-02-19 16:10:09'),
(3, 'Lorem Ipsum Dolor', 'lorem-ipsum-dolor', 1, 74, 1, 1, 'uploads/images/arts/01JMFSWXMW7KYMNY2X3F1T6WBA.jpg', '<p>Lorem ipsum dolor, sit amet consectetur adipisicing elit. Ducimus dignissimos, doloremque inventore illum saepe minima ipsam repellendus veritatis nostrum libero, quis eum ipsa natus laboriosam eligendi, quam rerum. Debitis, quas.</p>', '1', NULL, 1, '2025-02-19 16:10:33', '2025-02-19 16:10:33'),
(4, 'Lorem', 'lorem', 1, 455, 1, 1, 'uploads/images/arts/01JMFSXH3VKMR0FY5YPKWY1XFG.jpg', '<p>Lorem ipsum dolor, sit amet consectetur adipisicing elit. Ducimus dignissimos, doloremque inventore illum saepe minima ipsam repellendus veritatis nostrum libero, quis eum ipsa natus laboriosam eligendi, quam rerum. Debitis, quas.</p>', '1', NULL, 1, '2025-02-19 16:10:53', '2025-02-19 16:10:53'),
(5, 'Lore', 'lore', 1, 745, 1, 1, 'uploads/images/arts/01JMFSY1KMW0B50HEM20NQMXKW.jpg', '<p>Lorem ipsum dolor, sit amet consectetur adipisicing elit. Ducimus dignissimos, doloremque inventore illum saepe minima ipsam repellendus veritatis nostrum libero, quis eum ipsa natus laboriosam eligendi, quam rerum. Debitis, quas.</p>', '1', NULL, 1, '2025-02-19 16:11:10', '2025-02-19 16:11:10'),
(6, 'Lore', 'lore-2', 1, 158, 1, 1, 'uploads/images/arts/01JMFSYWGTJH3B9GT45J36XVTR.jpg', '<p>Lorem ipsum dolor, sit amet consectetur adipisicing elit. Ducimus dignissimos, doloremque inventore illum saepe minima ipsam repellendus veritatis nostrum libero, quis eum ipsa natus laboriosam eligendi, quam rerum. Debitis, quas.</p>', '1', NULL, 1, '2025-02-19 16:11:38', '2025-02-19 16:11:38'),
(7, 'Lorem Ipsum Dol', 'lorem-ipsum-dol', 1, 458, 1, 1, 'uploads/images/arts/01JMFSZMAQRBDX7WVSCAFVX59V.jpg', '<p>Lorem ipsum dolor, sit amet consectetur adipisicing elit. Ducimus dignissimos, doloremque inventore illum saepe minima ipsam repellendus veritatis nostrum libero, quis eum ipsa natus laboriosam eligendi, quam rerum. Debitis, quas.</p>', '1', NULL, 1, '2025-02-19 16:12:02', '2025-02-19 16:12:02'),
(8, 'Ea alias aperiam qui', 'ea-alias-aperiam-qui', 3, 497, 1, 1, 'uploads/images/arts/01JMFT09TKN8AR6TXZ19YASGHA.jpg', '<p>In ea cum hic qui do.</p>', '1', NULL, 1, '2025-02-19 16:12:24', '2025-02-19 16:32:03'),
(9, 'Ab exercitation solu', 'ab-exercitation-solu', 3, 672, 0, 1, 'uploads/images/arts/01JMFT1DVFPV429SF34J75X856.jpg', '<p>Eiusmod facere sint.</p>', '0', NULL, 1, '2025-02-19 16:13:01', '2025-02-19 16:13:01'),
(10, 'Laboris in quis iust', 'laboris-in-quis-iust', 3, 182, 0, 1, 'uploads/images/arts/01JMFV3QXMWX08TNKBE9MGHX4R.jpg', '<p>Pariatur. Ipsam nisi.</p>', '1', NULL, 1, '2025-02-19 16:31:45', '2025-02-19 16:32:17'),
(11, 'Culpa voluptatem re', 'culpa-voluptatem-re', 4, 666, 1, 1, 'uploads/images/arts/01JMFV7HAGW331G15XBXYQ12RT.jpg', '<p>Exercitation tempore.</p>', '0', NULL, 1, '2025-02-19 16:33:50', '2025-02-19 16:33:50'),
(12, 'Enim similique ducim', 'enim-similique-ducim', 4, 10, 0, 1, 'uploads/images/arts/01JMFV9T3JY5EV9CTN17RTW9PD.jpg', '<p>Autem et veniam, har.</p>', '1', NULL, 1, '2025-02-19 16:35:04', '2025-02-19 16:35:04'),
(13, 'Laborum dolorum ut r', 'laborum-dolorum-ut-r', 4, 238, 0, 1, 'uploads/images/arts/01JMFVAVR8WSX1Y44G93RS51GY.jpg', '<p>Magna sequi impedit.</p>', '1', NULL, 1, '2025-02-19 16:35:39', '2025-02-19 16:36:59'),
(14, 'LoremIpsum', 'loremipsum-2', 2, 45, 1, 1, 'uploads/images/arts/01JMFSV9S5TQ62VTAM3YNK07RZ.jpg', '<p>Lorem ipsum dolor, sit amet consectetur adipisicing elit. Ducimus dignissimos, doloremque inventore illum saepe minima ipsam repellendus veritatis nostrum libero, quis eum ipsa natus laboriosam eligendi, quam rerum. Debitis, quas.</p>', '1', NULL, 1, '2025-02-19 16:39:51', '2025-02-19 16:40:06'),
(15, 'Lore', 'lore-3', 2, 158, 1, 1, 'uploads/images/arts/01JMFSYWGTJH3B9GT45J36XVTR.jpg', '<p>Lorem ipsum dolor, sit amet consectetur adipisicing elit. Ducimus dignissimos, doloremque inventore illum saepe minima ipsam repellendus veritatis nostrum libero, quis eum ipsa natus laboriosam eligendi, quam rerum. Debitis, quas.</p>', '1', NULL, 1, '2025-02-19 16:40:15', '2025-02-19 16:40:25'),
(16, 'Culpa voluptatem re', 'culpa-voluptatem-re-2', 2, 666, 1, 1, 'uploads/images/arts/01JMFV7HAGW331G15XBXYQ12RT.jpg', '<p>Exercitation tempore.</p>', '0', NULL, 1, '2025-02-19 16:40:57', '2025-02-19 16:41:08'),
(17, 'Laborum dolorum ut r', 'laborum-dolorum-ut-r-2', 2, 238, 0, 1, 'uploads/images/arts/01JMFVAVR8WSX1Y44G93RS51GY.jpg', '<p>Magna sequi impedit.</p>', '1', NULL, 1, '2025-02-19 16:41:35', '2025-02-19 16:41:44');

-- --------------------------------------------------------

--
-- Table structure for table `branches`
--
-- Creation: Feb 18, 2025 at 08:07 PM
--

DROP TABLE IF EXISTS `branches`;
CREATE TABLE `branches` (
  `id` bigint(20) UNSIGNED NOT NULL,
  `title` varchar(255) COLLATE utf8mb4_unicode_ci NOT NULL,
  `city` varchar(255) COLLATE utf8mb4_unicode_ci DEFAULT NULL,
  `address` varchar(255) COLLATE utf8mb4_unicode_ci DEFAULT NULL,
  `phone` varchar(255) COLLATE utf8mb4_unicode_ci DEFAULT NULL,
  `email` varchar(255) COLLATE utf8mb4_unicode_ci DEFAULT NULL,
  `website` varchar(255) COLLATE utf8mb4_unicode_ci DEFAULT NULL,
  `type` varchar(255) COLLATE utf8mb4_unicode_ci NOT NULL,
  `status` tinyint(1) NOT NULL DEFAULT '1',
  `created_at` timestamp NULL DEFAULT NULL,
  `updated_at` timestamp NULL DEFAULT NULL
) ENGINE=InnoDB DEFAULT CHARSET=utf8mb4 COLLATE=utf8mb4_unicode_ci;

--
-- Dumping data for table `branches`
--

INSERT INTO `branches` (`id`, `title`, `city`, `address`, `phone`, `email`, `website`, `type`, `status`, `created_at`, `updated_at`) VALUES
(1, 'GALLERI FINEART', 'NORWAY', 'Filipstad Brygge 2 OSLO 0252', '+47 22 01 24 20', 'galleri@fineart.no', 'www.fineart.no', 'galleries', 1, '2025-02-19 16:42:49', '2025-02-19 16:42:49'),
(2, 'PETRA GUT CONTEMPORARY', 'SWITZERLAND', 'Nüschelerstrasse 31 ZÜRICH 8001', '+ 41 44 422 40 69', 'gallery@petragut.com', 'www.petragut.com', 'galleries', 1, '2025-02-19 16:43:31', '2025-02-19 16:43:31'),
(3, 'ART ANGELS GALLERY', 'USA', '9020 Beverly Blvd LOS ANGELES CA 90048', '+1 (310) 693 5500', 'info@artangels.net', 'www.artangels.net', 'galleries', 1, '2025-02-19 16:44:26', '2025-02-19 16:44:26'),
(4, 'RENE HAUSER', 'SWITZERLAND & GERMANY', 'Otto-Schütz-Weg 9 Postfach 5830 - 8050 Zürich', '+ 41 44 242 27 41', 'info@renehauser.com', 'www.renehauser.com', 'agents', 1, '2025-02-19 16:45:10', '2025-02-19 16:45:10'),
(5, 'DOC ARTIST MANAGEMENT & PRODUCTION', 'ITALY', 'Via Cadolini, 32 20137 Milano', '+39 02 55196647', 'info@docartist.com', 'www.docartist.com', 'agents', 1, '2025-02-19 16:46:02', '2025-02-19 16:46:02');

-- --------------------------------------------------------

--
-- Table structure for table `cache`
--
-- Creation: Feb 18, 2025 at 08:07 PM
--

DROP TABLE IF EXISTS `cache`;
CREATE TABLE `cache` (
  `key` varchar(255) COLLATE utf8mb4_unicode_ci NOT NULL,
  `value` mediumtext COLLATE utf8mb4_unicode_ci NOT NULL,
  `expiration` int(11) NOT NULL
) ENGINE=InnoDB DEFAULT CHARSET=utf8mb4 COLLATE=utf8mb4_unicode_ci;

--
-- Dumping data for table `cache`
--

INSERT INTO `cache` (`key`, `value`, `expiration`) VALUES
('356a192b7913b04c54574d18c28d46e6395428ab', 'i:16;', 1740078380),
('356a192b7913b04c54574d18c28d46e6395428ab:timer', 'i:1740078380;', 1740078380),
('livewire-rate-limiter:002c4e54bd1a5a193de008abcd09229e1a6a55d4', 'i:1;', 1740115723),
('livewire-rate-limiter:002c4e54bd1a5a193de008abcd09229e1a6a55d4:timer', 'i:1740115723;', 1740115723),
('livewire-rate-limiter:1410ea8ca954e23669edad048bb6c18c3e19f006', 'i:1;', 1740124999),
('livewire-rate-limiter:1410ea8ca954e23669edad048bb6c18c3e19f006:timer', 'i:1740124999;', 1740124999),
('livewire-rate-limiter:1f3b75c524f7686294f638e76ff2954399b42d78', 'i:4;', 1740080446),
('livewire-rate-limiter:1f3b75c524f7686294f638e76ff2954399b42d78:timer', 'i:1740080446;', 1740080446);

-- --------------------------------------------------------

--
-- Table structure for table `cache_locks`
--
-- Creation: Feb 18, 2025 at 08:07 PM
--

DROP TABLE IF EXISTS `cache_locks`;
CREATE TABLE `cache_locks` (
  `key` varchar(255) COLLATE utf8mb4_unicode_ci NOT NULL,
  `owner` varchar(255) COLLATE utf8mb4_unicode_ci NOT NULL,
  `expiration` int(11) NOT NULL
) ENGINE=InnoDB DEFAULT CHARSET=utf8mb4 COLLATE=utf8mb4_unicode_ci;

-- --------------------------------------------------------

--
-- Table structure for table `categories`
--
-- Creation: Feb 18, 2025 at 08:07 PM
--

DROP TABLE IF EXISTS `categories`;
CREATE TABLE `categories` (
  `id` bigint(20) UNSIGNED NOT NULL,
  `title` varchar(255) COLLATE utf8mb4_unicode_ci NOT NULL,
  `slug` varchar(255) COLLATE utf8mb4_unicode_ci NOT NULL,
  `description` longtext COLLATE utf8mb4_unicode_ci,
  `thumbnail` varchar(255) COLLATE utf8mb4_unicode_ci DEFAULT NULL,
  `status` tinyint(1) NOT NULL DEFAULT '1',
  `order` int(10) UNSIGNED DEFAULT NULL,
  `created_at` timestamp NULL DEFAULT NULL,
  `updated_at` timestamp NULL DEFAULT NULL
) ENGINE=InnoDB DEFAULT CHARSET=utf8mb4 COLLATE=utf8mb4_unicode_ci;

--
-- Dumping data for table `categories`
--

INSERT INTO `categories` (`id`, `title`, `slug`, `description`, `thumbnail`, `status`, `order`, `created_at`, `updated_at`) VALUES
(1, 'Exposure', 'exposure', NULL, 'uploads/images/category/01JMFSK69G7C7Z6G5QTD0SKP7K.jpg', 1, NULL, '2025-02-19 16:05:14', '2025-02-19 16:05:14'),
(2, 'Polaworld', 'polaworld', NULL, 'uploads/images/category/01JMFSMJ4VQ8JTMZ892BTN27DV.jpg', 1, NULL, '2025-02-19 16:05:59', '2025-02-19 16:05:59'),
(3, 'Haute Couture', 'haute-couture', NULL, 'uploads/images/category/01JMFSN78ZD1QGMHKX2ZNW84XX.jpg', 1, NULL, '2025-02-19 16:06:21', '2025-02-19 16:40:44'),
(4, 'Passion & Emotion', 'passion-emotion', NULL, 'uploads/images/category/01JMFSP49V07JVF8RTYA14G3HZ.jpeg', 1, NULL, '2025-02-19 16:06:51', '2025-02-19 16:06:51');

-- --------------------------------------------------------

--
-- Table structure for table `collections`
--
-- Creation: Feb 18, 2025 at 08:07 PM
--

DROP TABLE IF EXISTS `collections`;
CREATE TABLE `collections` (
  `id` bigint(20) UNSIGNED NOT NULL,
  `title` varchar(255) COLLATE utf8mb4_unicode_ci NOT NULL,
  `slug` varchar(255) COLLATE utf8mb4_unicode_ci NOT NULL,
  `description` longtext COLLATE utf8mb4_unicode_ci,
  `thumbnail` varchar(255) COLLATE utf8mb4_unicode_ci DEFAULT NULL,
  `status` tinyint(1) NOT NULL DEFAULT '1',
  `created_at` timestamp NULL DEFAULT NULL,
  `updated_at` timestamp NULL DEFAULT NULL
) ENGINE=InnoDB DEFAULT CHARSET=utf8mb4 COLLATE=utf8mb4_unicode_ci;

--
-- Dumping data for table `collections`
--

INSERT INTO `collections` (`id`, `title`, `slug`, `description`, `thumbnail`, `status`, `created_at`, `updated_at`) VALUES
(1, 'Exhibitions', 'exhibitions', NULL, NULL, 1, '2025-02-20 15:54:33', '2025-02-20 15:54:33'),
(2, 'Books', 'books', NULL, NULL, 1, '2025-02-20 15:54:39', '2025-02-20 15:54:39'),
(3, 'Press', 'press', NULL, NULL, 1, '2025-02-20 15:54:53', '2025-02-20 15:54:53');

-- --------------------------------------------------------

--
-- Table structure for table `contacts`
--
-- Creation: Feb 18, 2025 at 08:07 PM
--

DROP TABLE IF EXISTS `contacts`;
CREATE TABLE `contacts` (
  `id` bigint(20) UNSIGNED NOT NULL,
  `address` varchar(255) COLLATE utf8mb4_unicode_ci DEFAULT NULL,
  `phone` varchar(255) COLLATE utf8mb4_unicode_ci DEFAULT NULL,
  `email` varchar(255) COLLATE utf8mb4_unicode_ci DEFAULT NULL,
  `map` longtext COLLATE utf8mb4_unicode_ci,
  `facebook` varchar(255) COLLATE utf8mb4_unicode_ci DEFAULT NULL,
  `twitter` varchar(255) COLLATE utf8mb4_unicode_ci DEFAULT NULL,
  `instagram` varchar(255) COLLATE utf8mb4_unicode_ci DEFAULT NULL,
  `youtube` varchar(255) COLLATE utf8mb4_unicode_ci DEFAULT NULL,
  `tiktok` varchar(255) COLLATE utf8mb4_unicode_ci DEFAULT NULL,
  `created_at` timestamp NULL DEFAULT NULL,
  `updated_at` timestamp NULL DEFAULT NULL
) ENGINE=InnoDB DEFAULT CHARSET=utf8mb4 COLLATE=utf8mb4_unicode_ci;

--
-- Dumping data for table `contacts`
--

INSERT INTO `contacts` (`id`, `address`, `phone`, `email`, `map`, `facebook`, `twitter`, `instagram`, `youtube`, `tiktok`, `created_at`, `updated_at`) VALUES
(1, 'Zollstrasse 37 ZÜRICH 8005  - SWITZERLAND', ' +41 79 25 72 062', 'bruno@brunobisang.com', NULL, 'https://facebook.com', 'https://x.com', 'https://instagram.com', 'https://youtube.com', 'https://tiktok.com', '2025-02-20 15:53:34', '2025-02-20 15:53:34');

-- --------------------------------------------------------

--
-- Table structure for table `failed_jobs`
--
-- Creation: Feb 18, 2025 at 08:07 PM
--

DROP TABLE IF EXISTS `failed_jobs`;
CREATE TABLE `failed_jobs` (
  `id` bigint(20) UNSIGNED NOT NULL,
  `uuid` varchar(255) COLLATE utf8mb4_unicode_ci NOT NULL,
  `connection` text COLLATE utf8mb4_unicode_ci NOT NULL,
  `queue` text COLLATE utf8mb4_unicode_ci NOT NULL,
  `payload` longtext COLLATE utf8mb4_unicode_ci NOT NULL,
  `exception` longtext COLLATE utf8mb4_unicode_ci NOT NULL,
  `failed_at` timestamp NOT NULL DEFAULT CURRENT_TIMESTAMP
) ENGINE=InnoDB DEFAULT CHARSET=utf8mb4 COLLATE=utf8mb4_unicode_ci;

-- --------------------------------------------------------

--
-- Table structure for table `jobs`
--
-- Creation: Feb 18, 2025 at 08:07 PM
--

DROP TABLE IF EXISTS `jobs`;
CREATE TABLE `jobs` (
  `id` bigint(20) UNSIGNED NOT NULL,
  `queue` varchar(255) COLLATE utf8mb4_unicode_ci NOT NULL,
  `payload` longtext COLLATE utf8mb4_unicode_ci NOT NULL,
  `attempts` tinyint(3) UNSIGNED NOT NULL,
  `reserved_at` int(10) UNSIGNED DEFAULT NULL,
  `available_at` int(10) UNSIGNED NOT NULL,
  `created_at` int(10) UNSIGNED NOT NULL
) ENGINE=InnoDB DEFAULT CHARSET=utf8mb4 COLLATE=utf8mb4_unicode_ci;

-- --------------------------------------------------------

--
-- Table structure for table `job_batches`
--
-- Creation: Feb 18, 2025 at 08:07 PM
--

DROP TABLE IF EXISTS `job_batches`;
CREATE TABLE `job_batches` (
  `id` varchar(255) COLLATE utf8mb4_unicode_ci NOT NULL,
  `name` varchar(255) COLLATE utf8mb4_unicode_ci NOT NULL,
  `total_jobs` int(11) NOT NULL,
  `pending_jobs` int(11) NOT NULL,
  `failed_jobs` int(11) NOT NULL,
  `failed_job_ids` longtext COLLATE utf8mb4_unicode_ci NOT NULL,
  `options` mediumtext COLLATE utf8mb4_unicode_ci,
  `cancelled_at` int(11) DEFAULT NULL,
  `created_at` int(11) NOT NULL,
  `finished_at` int(11) DEFAULT NULL
) ENGINE=InnoDB DEFAULT CHARSET=utf8mb4 COLLATE=utf8mb4_unicode_ci;

-- --------------------------------------------------------

--
-- Table structure for table `migrations`
--
-- Creation: Dec 26, 2024 at 04:42 PM
--

DROP TABLE IF EXISTS `migrations`;
CREATE TABLE `migrations` (
  `id` int(10) UNSIGNED NOT NULL,
  `migration` varchar(255) COLLATE utf8mb4_unicode_ci NOT NULL,
  `batch` int(11) NOT NULL
) ENGINE=InnoDB DEFAULT CHARSET=utf8mb4 COLLATE=utf8mb4_unicode_ci;

--
-- Dumping data for table `migrations`
--

INSERT INTO `migrations` (`id`, `migration`, `batch`) VALUES
(34, '0001_01_01_000000_create_users_table', 1),
(35, '0001_01_01_000001_create_cache_table', 1),
(36, '0001_01_01_000002_create_jobs_table', 1),
(37, '2025_02_09_122221_create_categories_table', 1),
(38, '2025_02_09_122238_create_art_table', 1),
(39, '2025_02_09_130632_add_firstname_to_users_table', 1),
(40, '2025_02_09_151344_create_abouts_table', 1),
(41, '2025_02_09_164851_create_contacts_table', 1),
(42, '2025_02_09_165251_create_branches_table', 1),
(43, '2025_02_10_072527_add_store_to_art_table', 1),
(44, '2025_02_10_134324_add_video_to_abouts_table', 1),
(45, '2025_02_17_182557_create_collections_table', 1),
(46, '2025_02_17_182628_create_mores_table', 1),
(47, '2025_02_17_185948_add_cover_photo_to_mores_table', 1),
(48, '2025_02_17_194458_add_status_to_branches_table', 1),
(49, '2025_02_18_192122_add_privacy_to_abouts_table', 1),
(50, '2025_02_18_192723_add_portfolio_to_art_table', 1),
(51, '2025_02_18_193612_create_portfolios_table', 1),
(52, '2025_02_18_194617_add_file_type_to_portfolios_table', 1);

-- --------------------------------------------------------

--
-- Table structure for table `mores`
--
-- Creation: Feb 18, 2025 at 08:07 PM
--

DROP TABLE IF EXISTS `mores`;
CREATE TABLE `mores` (
  `id` bigint(20) UNSIGNED NOT NULL,
  `title` varchar(255) COLLATE utf8mb4_unicode_ci NOT NULL,
  `slug` varchar(255) COLLATE utf8mb4_unicode_ci NOT NULL,
  `collection_id` bigint(20) UNSIGNED NOT NULL,
  `description` longtext COLLATE utf8mb4_unicode_ci,
  `thumbnail` json DEFAULT NULL,
  `status` tinyint(1) NOT NULL DEFAULT '1',
  `created_at` timestamp NULL DEFAULT NULL,
  `updated_at` timestamp NULL DEFAULT NULL,
  `cover_photo` varchar(255) COLLATE utf8mb4_unicode_ci NOT NULL
) ENGINE=InnoDB DEFAULT CHARSET=utf8mb4 COLLATE=utf8mb4_unicode_ci;

--
-- Dumping data for table `mores`
--

INSERT INTO `mores` (`id`, `title`, `slug`, `collection_id`, `description`, `thumbnail`, `status`, `created_at`, `updated_at`, `cover_photo`) VALUES
(1, 'GALLERI FINEART - OSLO', 'galleri-fineart-oslo', 1, '<p><strong>\"NUDE\" Oslo, with GALLERI FINEART (NORWAY) &nbsp; -&nbsp; 17 Oct. &gt; 3 Nov.&nbsp; 2019</strong></p>', '[\"uploads/images/mores/01JMJBEQZK6WHFM8ZTPZ9XRHDW.jpg\"]', 1, '2025-02-20 15:55:52', '2025-02-20 15:55:52', 'uploads/images/mores/cover/01JMJBEQZGZ652MZE3P6CHQ12V.jpg'),
(2, 'PHOTO BASEL - BASEL', 'photo-basel-basel', 1, '<p><strong>\"PHOTO BASEL\" Basel, with Petra Gut Contemporary (Switzerland) &nbsp; -&nbsp; 11 &gt; 16&nbsp; June 2019</strong></p>', '[\"uploads/images/mores/01JMJBJ7AZ70G582Y37P1FZFC2.jpg\", \"uploads/images/mores/01JMJBJ7B0H7JJMN639BRVJ2ZR.png\", \"uploads/images/mores/01JMJBJ7B1TY7MEZG1JSWNDS7X.png\"]', 1, '2025-02-20 15:57:46', '2025-02-20 15:57:46', 'uploads/images/mores/cover/01JMJBJ7AFA4HMN9MRPRWG3CF6.jpg'),
(3, 'KAUNE CONTEMPORARY - KÖLN', 'kaune-contemporary-koeln', 1, '<p>E<strong>xhibition at Kaune Contemporary Galery (Cologne) - 29 January &gt; 29 March 2019</strong></p>', '[\"uploads/images/mores/01JMJBQ83GNK43YGTEMGBVF0ZE.jpg\", \"uploads/images/mores/01JMJBQ8B7Z9JEN4MJ48JYSWXE.jpg\", \"uploads/images/mores/01JMJBQ8B9QPG7S1XZFNDXEE21.jpg\", \"uploads/images/mores/01JMJBQ8BATS8GZNS5TM567Z0H.jpg\", \"uploads/images/mores/01JMJBQ8BCZ8X6GQHQMGECK89R.jpg\", \"uploads/images/mores/01JMJBQ8BDMZ1Z9Z3VTHTZP9B2.jpg\", \"uploads/images/mores/01JMJBQ8BFRHQGQQPFB3D6M9PM.jpg\"]', 1, '2025-02-20 16:00:31', '2025-02-20 16:00:31', 'uploads/images/mores/cover/01JMJBQ82ZSYXRGGB0HERTECF4.jpg'),
(4, 'THE NEW EROTIC PHOTOGRAPHY - TASCHEN', 'the-new-erotic-photography-taschen', 2, '<p><strong>THE NEW EROTIC PHOTOGRAPHY Vol. 1<br>Published by Taschen<br>19,6/27,3 cm<br><br>Order: </strong><a href=\"https://www.taschen.com/pages/fr/catalogue/sex/all/42825/facts.the_new_erotic_photography_vol_1.htm\"><strong>www.taschen.com</strong></a><strong><br><br><br></strong><strong><em>\"Imagine walking into a room filled with the world’s finest contemporary erotic photographers, each with a portfolio of his or her best work.<br><br>As you browse the photographs they discuss inspiration, censorship, how to find models, and how to make a living capturing beautiful women on film and in pixels.\"</em></strong></p>', '[\"uploads/images/mores/01JMJBW0RN08ZG4J2ZVT956NMA.jpg\", \"uploads/images/mores/01JMJBW0VTKF9R5J181J5X8ED9.jpg\", \"uploads/images/mores/01JMJBW0VWGKCSDH7T9ZP73YAK.jpg\", \"uploads/images/mores/01JMJBW0VYT95P37DE4EZNSDAV.jpg\", \"uploads/images/mores/01JMJBW0VZPR8B0H4W8KY58AJY.jpg\"]', 1, '2025-02-20 16:03:07', '2025-02-20 16:03:07', 'uploads/images/mores/cover/01JMJBW0R7HJJYGQB47C51VCP1.jpg'),
(5, 'PRESS GALLERY ', 'press-gallery', 3, NULL, '[\"uploads/images/mores/01JMJC0NTVG03QVGTE6R6DFW2B.jpg\", \"uploads/images/mores/01JMJC0NTWFG9RXNR7F359JXNT.jpg\", \"uploads/images/mores/01JMJC0NTXFTRA1QN9NQHTZWXZ.jpg\", \"uploads/images/mores/01JMJC0NVDNBD4RFJWP1DTYGD5.jpg\", \"uploads/images/mores/01JMJC0NVFD1DETMFX1VSN7TS9.jpg\", \"uploads/images/mores/01JMJC0NVGY546TYWPRZ6CEFR1.jpg\", \"uploads/images/mores/01JMJC0NVXH627KQPPRHYV1PJZ.jpg\", \"uploads/images/mores/01JMJC0NVYYQRK0EW94KZ40EBY.jpg\", \"uploads/images/mores/01JMJC0NVZ3BSDEP59Y8QBMT60.jpg\", \"uploads/images/mores/01JMJC0NW83464NSZRB1MGTT0T.jpg\", \"uploads/images/mores/01JMJC0NW904D5HE2P75B048NK.jpg\", \"uploads/images/mores/01JMJC0NWBVQEERQ82AJVFYPES.jpg\", \"uploads/images/mores/01JMJC0NWC2R6V05BMQSP9TR25.jpg\", \"uploads/images/mores/01JMJC0NWMSZCXPWVDQY07Q914.jpg\", \"uploads/images/mores/01JMJC0NWNDJW2XZTRMXTY9YN7.jpg\", \"uploads/images/mores/01JMJC0NWQ1NM0KVKB0NGHY5D4.jpg\", \"uploads/images/mores/01JMJC0NWRP9T44KZAD3K0XVZD.jpg\", \"uploads/images/mores/01JMJC0NWST1RS632SAH0G559M.jpg\"]', 1, '2025-02-20 16:05:40', '2025-02-20 16:05:40', 'uploads/images/mores/cover/01JMJC0NT9KWEP5SE7KVVF04WR.jpg');

-- --------------------------------------------------------

--
-- Table structure for table `password_reset_tokens`
--
-- Creation: Feb 18, 2025 at 08:07 PM
--

DROP TABLE IF EXISTS `password_reset_tokens`;
CREATE TABLE `password_reset_tokens` (
  `email` varchar(255) COLLATE utf8mb4_unicode_ci NOT NULL,
  `token` varchar(255) COLLATE utf8mb4_unicode_ci NOT NULL,
  `created_at` timestamp NULL DEFAULT NULL
) ENGINE=InnoDB DEFAULT CHARSET=utf8mb4 COLLATE=utf8mb4_unicode_ci;

-- --------------------------------------------------------

--
-- Table structure for table `portfolios`
--
-- Creation: Feb 18, 2025 at 08:07 PM
--

DROP TABLE IF EXISTS `portfolios`;
CREATE TABLE `portfolios` (
  `id` bigint(20) UNSIGNED NOT NULL,
  `document` varchar(255) COLLATE utf8mb4_unicode_ci DEFAULT NULL,
  `description` longtext COLLATE utf8mb4_unicode_ci,
  `file_type` varchar(255) COLLATE utf8mb4_unicode_ci NOT NULL DEFAULT 'video',
  `created_at` timestamp NULL DEFAULT NULL,
  `updated_at` timestamp NULL DEFAULT NULL
) ENGINE=InnoDB DEFAULT CHARSET=utf8mb4 COLLATE=utf8mb4_unicode_ci;

-- --------------------------------------------------------

--
-- Table structure for table `sessions`
--
-- Creation: Feb 18, 2025 at 08:07 PM
--

DROP TABLE IF EXISTS `sessions`;
CREATE TABLE `sessions` (
  `id` varchar(255) COLLATE utf8mb4_unicode_ci NOT NULL,
  `user_id` bigint(20) UNSIGNED DEFAULT NULL,
  `ip_address` varchar(45) COLLATE utf8mb4_unicode_ci DEFAULT NULL,
  `user_agent` text COLLATE utf8mb4_unicode_ci,
  `payload` longtext COLLATE utf8mb4_unicode_ci NOT NULL,
  `last_activity` int(11) NOT NULL
) ENGINE=InnoDB DEFAULT CHARSET=utf8mb4 COLLATE=utf8mb4_unicode_ci;

--
-- Dumping data for table `sessions`
--

INSERT INTO `sessions` (`id`, `user_id`, `ip_address`, `user_agent`, `payload`, `last_activity`) VALUES
('dlvAGk4dTn3zpK3Lfe9OJF50ZbZCcR0IDnJ9A9KH', NULL, '5.44.35.186', 'Mozilla/5.0 (iPhone; CPU iPhone OS 18_3_2 like Mac OS X) AppleWebKit/605.1.15 (KHTML, like Gecko) Version/18.3.1 Mobile/15E148 Safari/604.1', 'YTozOntzOjY6Il90b2tlbiI7czo0MDoiUmJEMFNyMGdtakZwUmVXUjZ4YU43RHlpQ01jS3pHUGhTbk53ZEwzWiI7czo5OiJfcHJldmlvdXMiO2E6MTp7czozOiJ1cmwiO3M6NDA6Imh0dHBzOi8vYmFzaGlyci5idWtoYWx0ZXJuYXRpdmUuYXovd29ya3MiO31zOjY6Il9mbGFzaCI7YToyOntzOjM6Im9sZCI7YTowOnt9czozOiJuZXciO2E6MDp7fX19', 1743175070),
('F1UOqL2AgkCL4ItDN1XXQsejFaBmdgQtvg64F7W9', NULL, '85.132.47.186', 'Mozilla/5.0 (Windows NT 10.0; Win64; x64) AppleWebKit/537.36 (KHTML, like Gecko) Chrome/134.0.0.0 Safari/537.36', 'YTozOntzOjY6Il90b2tlbiI7czo0MDoiVlVMS1A4ZldJYUpSaWhVT1htMXBjZFV6TnZLZ29kNG5lQ05IZjQyRiI7czo5OiJfcHJldmlvdXMiO2E6MTp7czozOiJ1cmwiO3M6NDQ6Imh0dHBzOi8vYmFzaGlyci5idWtoYWx0ZXJuYXRpdmUuYXovZmluZS1hcnRzIjt9czo2OiJfZmxhc2giO2E6Mjp7czozOiJvbGQiO2E6MDp7fXM6MzoibmV3IjthOjA6e319fQ==', 1743086024);

-- --------------------------------------------------------

--
-- Table structure for table `users`
--
-- Creation: Feb 18, 2025 at 08:07 PM
--

DROP TABLE IF EXISTS `users`;
CREATE TABLE `users` (
  `id` bigint(20) UNSIGNED NOT NULL,
  `name` varchar(255) COLLATE utf8mb4_unicode_ci NOT NULL,
  `email` varchar(255) COLLATE utf8mb4_unicode_ci NOT NULL,
  `email_verified_at` timestamp NULL DEFAULT NULL,
  `password` varchar(255) COLLATE utf8mb4_unicode_ci NOT NULL,
  `remember_token` varchar(100) COLLATE utf8mb4_unicode_ci DEFAULT NULL,
  `created_at` timestamp NULL DEFAULT NULL,
  `updated_at` timestamp NULL DEFAULT NULL,
  `firstname` varchar(255) COLLATE utf8mb4_unicode_ci DEFAULT NULL,
  `lastname` varchar(255) COLLATE utf8mb4_unicode_ci DEFAULT NULL,
  `gender` varchar(255) COLLATE utf8mb4_unicode_ci DEFAULT NULL,
  `thumbnail` varchar(255) COLLATE utf8mb4_unicode_ci DEFAULT NULL,
  `birth_of_day` date DEFAULT NULL,
  `role_id` varchar(255) COLLATE utf8mb4_unicode_ci NOT NULL DEFAULT '2',
  `status` tinyint(1) NOT NULL DEFAULT '1'
) ENGINE=InnoDB DEFAULT CHARSET=utf8mb4 COLLATE=utf8mb4_unicode_ci;

--
-- Dumping data for table `users`
--

INSERT INTO `users` (`id`, `name`, `email`, `email_verified_at`, `password`, `remember_token`, `created_at`, `updated_at`, `firstname`, `lastname`, `gender`, `thumbnail`, `birth_of_day`, `role_id`, `status`) VALUES
(1, 'bashirr', 'super@admin.com', NULL, '$2y$12$hUmrkQcEACg68wc.zCXl.ubBxoaGHu6TjZmLF8BbLED0M3uoskycK', 'UsMq9Js9B1GIFuPl6D0oH1IihtfsuzQ188lS1GCslMlRrFqXpNe28ylzw6er', '2025-02-18 17:08:17', '2025-02-18 17:08:17', NULL, NULL, NULL, NULL, NULL, '0', 1),
(2, 'admin', 'admin@admin.com', NULL, '$2y$12$g8tr8U.IHSSOzwI8P43nsuHjWyo7nTVlF.Ssy1s3gjNG5fWJ3.wSa', NULL, '2025-02-20 16:41:10', '2025-02-20 16:41:10', NULL, NULL, NULL, NULL, NULL, '1', 1);

--
-- Indexes for dumped tables
--

--
-- Indexes for table `abouts`
--
ALTER TABLE `abouts`
  ADD PRIMARY KEY (`id`);

--
-- Indexes for table `art`
--
ALTER TABLE `art`
  ADD PRIMARY KEY (`id`),
  ADD UNIQUE KEY `art_slug_unique` (`slug`),
  ADD KEY `art_category_id_foreign` (`category_id`);

--
-- Indexes for table `branches`
--
ALTER TABLE `branches`
  ADD PRIMARY KEY (`id`);

--
-- Indexes for table `cache`
--
ALTER TABLE `cache`
  ADD PRIMARY KEY (`key`);

--
-- Indexes for table `cache_locks`
--
ALTER TABLE `cache_locks`
  ADD PRIMARY KEY (`key`);

--
-- Indexes for table `categories`
--
ALTER TABLE `categories`
  ADD PRIMARY KEY (`id`),
  ADD UNIQUE KEY `categories_slug_unique` (`slug`);

--
-- Indexes for table `collections`
--
ALTER TABLE `collections`
  ADD PRIMARY KEY (`id`);

--
-- Indexes for table `contacts`
--
ALTER TABLE `contacts`
  ADD PRIMARY KEY (`id`);

--
-- Indexes for table `failed_jobs`
--
ALTER TABLE `failed_jobs`
  ADD PRIMARY KEY (`id`),
  ADD UNIQUE KEY `failed_jobs_uuid_unique` (`uuid`);

--
-- Indexes for table `jobs`
--
ALTER TABLE `jobs`
  ADD PRIMARY KEY (`id`),
  ADD KEY `jobs_queue_index` (`queue`);

--
-- Indexes for table `job_batches`
--
ALTER TABLE `job_batches`
  ADD PRIMARY KEY (`id`);

--
-- Indexes for table `migrations`
--
ALTER TABLE `migrations`
  ADD PRIMARY KEY (`id`);

--
-- Indexes for table `mores`
--
ALTER TABLE `mores`
  ADD PRIMARY KEY (`id`),
  ADD KEY `mores_collection_id_foreign` (`collection_id`);

--
-- Indexes for table `password_reset_tokens`
--
ALTER TABLE `password_reset_tokens`
  ADD PRIMARY KEY (`email`);

--
-- Indexes for table `portfolios`
--
ALTER TABLE `portfolios`
  ADD PRIMARY KEY (`id`);

--
-- Indexes for table `sessions`
--
ALTER TABLE `sessions`
  ADD PRIMARY KEY (`id`),
  ADD KEY `sessions_user_id_index` (`user_id`),
  ADD KEY `sessions_last_activity_index` (`last_activity`);

--
-- Indexes for table `users`
--
ALTER TABLE `users`
  ADD PRIMARY KEY (`id`),
  ADD UNIQUE KEY `users_email_unique` (`email`);

--
-- AUTO_INCREMENT for dumped tables
--

--
-- AUTO_INCREMENT for table `abouts`
--
ALTER TABLE `abouts`
  MODIFY `id` bigint(20) UNSIGNED NOT NULL AUTO_INCREMENT, AUTO_INCREMENT=2;

--
-- AUTO_INCREMENT for table `art`
--
ALTER TABLE `art`
  MODIFY `id` bigint(20) UNSIGNED NOT NULL AUTO_INCREMENT, AUTO_INCREMENT=18;

--
-- AUTO_INCREMENT for table `branches`
--
ALTER TABLE `branches`
  MODIFY `id` bigint(20) UNSIGNED NOT NULL AUTO_INCREMENT, AUTO_INCREMENT=6;

--
-- AUTO_INCREMENT for table `categories`
--
ALTER TABLE `categories`
  MODIFY `id` bigint(20) UNSIGNED NOT NULL AUTO_INCREMENT, AUTO_INCREMENT=5;

--
-- AUTO_INCREMENT for table `collections`
--
ALTER TABLE `collections`
  MODIFY `id` bigint(20) UNSIGNED NOT NULL AUTO_INCREMENT, AUTO_INCREMENT=4;

--
-- AUTO_INCREMENT for table `contacts`
--
ALTER TABLE `contacts`
  MODIFY `id` bigint(20) UNSIGNED NOT NULL AUTO_INCREMENT, AUTO_INCREMENT=2;

--
-- AUTO_INCREMENT for table `failed_jobs`
--
ALTER TABLE `failed_jobs`
  MODIFY `id` bigint(20) UNSIGNED NOT NULL AUTO_INCREMENT;

--
-- AUTO_INCREMENT for table `jobs`
--
ALTER TABLE `jobs`
  MODIFY `id` bigint(20) UNSIGNED NOT NULL AUTO_INCREMENT;

--
-- AUTO_INCREMENT for table `migrations`
--
ALTER TABLE `migrations`
  MODIFY `id` int(10) UNSIGNED NOT NULL AUTO_INCREMENT, AUTO_INCREMENT=53;

--
-- AUTO_INCREMENT for table `mores`
--
ALTER TABLE `mores`
  MODIFY `id` bigint(20) UNSIGNED NOT NULL AUTO_INCREMENT, AUTO_INCREMENT=6;

--
-- AUTO_INCREMENT for table `portfolios`
--
ALTER TABLE `portfolios`
  MODIFY `id` bigint(20) UNSIGNED NOT NULL AUTO_INCREMENT;

--
-- AUTO_INCREMENT for table `users`
--
ALTER TABLE `users`
  MODIFY `id` bigint(20) UNSIGNED NOT NULL AUTO_INCREMENT, AUTO_INCREMENT=3;

--
-- Constraints for dumped tables
--

--
-- Constraints for table `art`
--
ALTER TABLE `art`
  ADD CONSTRAINT `art_category_id_foreign` FOREIGN KEY (`category_id`) REFERENCES `categories` (`id`);

--
-- Constraints for table `mores`
--
ALTER TABLE `mores`
  ADD CONSTRAINT `mores_collection_id_foreign` FOREIGN KEY (`collection_id`) REFERENCES `collections` (`id`);
COMMIT;

/*!40101 SET CHARACTER_SET_CLIENT=@OLD_CHARACTER_SET_CLIENT */;
/*!40101 SET CHARACTER_SET_RESULTS=@OLD_CHARACTER_SET_RESULTS */;
/*!40101 SET COLLATION_CONNECTION=@OLD_COLLATION_CONNECTION */;
